rsq;rsq_adj;aic;ll;f_stat;f_p;rmse
0.0003933511805798151;-0.0009722316729987579;2179.5527399133525;-1087.7763699566763;0.28804636756320495;0.5916382675709377;0.9998923143900127
