rsq;rsq_adj;aic;ll;f_stat;f_p;rmse
0.6111676545157225;0.5847421553080532;695.4134983315009;-325.70674916575047;23.12795113964569;3.031804711811255e-51;0.6092699312738429
