rsq;rsq_adj;aic;ll;f_stat;f_p;rmse
0.37051295486147995;0.3364427797380033;1013.8745686880711;-484.93728434403556;10.874994141317814;5.417185558053482e-28;0.7849248193688019
