rsq;rsq_adj;aic;ll;f_stat;f_p;rmse
0.609904122647517;0.5985421068022991;1539.967305343599;-747.9836526717995;53.67921775115406;7.592913773069022e-132;0.6370219712466901
