rsq;rsq_adj;aic;ll;f_stat;f_p;rmse
0.6195405731661063;0.6083191574870168;1510.5217243821473;-733.2608621910737;55.21055372011424;7.350185034411622e-134;0.6357333781951782
