rsq;rsq_adj;aic;ll;f_stat;f_p;rmse
0.5693065707529636;0.5566204609076901;1501.252052510613;-729.6260262553066;44.87637090459772;7.617585201832982e-110;0.6655273325390075
