rsq;rsq_adj;aic;ll;f_stat;f_p;rmse
0.33808223201743415;0.2990310362662504;924.4389787989321;-441.21948939946606;8.657410497018782;1.1224806096392008e-20;0.8119469746673139
