rsq;rsq_adj;aic;ll;f_stat;f_p;rmse
0.6430975773937784;0.6310864381714536;1282.3156329028625;-619.1578164514312;53.54176364873624;1.951027561500903e-124;0.6180407374856401
