rsq;rsq_adj;aic;ll;f_stat;f_p;rmse
0.013284718367228332;0.011856765716529605;2052.1843951144165;-1024.0921975572082;9.303332544484892;0.002374863526542059;0.9975500623508652
