rsq;rsq_adj;aic;ll;f_stat;f_p;rmse
0.6702441448209508;0.645423811635431;582.9903311214188;-269.4951655607094;27.003833502604678;4.192888922073149e-55;0.5995295358998455
