rsq;rsq_adj;aic;ll;f_stat;f_p;rmse
0.31434276719695964;0.2756050704284263;988.6114056071063;-473.3057028035532;8.114647834517111;1.9864067704666008e-19;0.830858009967452
