rsq;rsq_adj;aic;ll;f_stat;f_p;rmse
0.47723000467532917;0.4449412696699818;850.1634484868052;-403.0817242434026;14.780077466531141;2.2269451618122002e-36;0.7188791548018804
