rsq;rsq_adj;aic;ll;f_stat;f_p;rmse
1.2202008652373308e-06;-0.0014273494845620238;2084.765537996817;-1040.3827689984084;0.0008541416479194207;0.9766929130672024;1.000106176211445
