rsq;rsq_adj;aic;ll;f_stat;f_p;rmse
0.399568896002912;0.36574179155237185;924.1184258517003;-441.05921292585015;11.812092772738977;8.2534958828404e-29;0.7726192984242103
