rsq;rsq_adj;aic;ll;f_stat;f_p;rmse
0.4215367206946815;0.38760925563278603;884.8099686361663;-421.40498431808317;12.424645340453575;5.7810998655252696e-30;0.7546876452652869
