rsq;rsq_adj;aic;ll;f_stat;f_p;rmse
0.669967536297446;0.6463937888901208;581.2427125839885;-269.62135629199423;28.420069356018494;8.672956643452793e-56;0.5995144148829072
