rsq;rsq_adj;aic;ll;f_stat;f_p;rmse
0.15425328292633989;0.15218037430606135;1100.5762987109454;-548.2881493554727;74.41393287544426;1.424379919313508e-16;0.9056137821285731
