rsq;rsq_adj;aic;ll;f_stat;f_p;rmse
0.10777188881472677;0.10529347739476769;1003.681496118089;-499.8407480590445;43.484260904715185;1.525718270658757e-10;0.9353667207691262
