rsq;rsq_adj;aic;ll;f_stat;f_p;rmse
0.08251287452957179;0.08005970039729793;1045.5389079091556;-520.7694539545778;33.635147804648405;1.4162367698233458e-08;0.9508236278588263
