rsq;rsq_adj;aic;ll;f_stat;f_p;rmse
0.4665653505520345;0.4349209221949518;881.6333640261171;-418.81668201305854;14.743996803709274;9.925045055919588e-37;0.7258505338278856
