rsq;rsq_adj;aic;ll;f_stat;f_p;rmse
0.3988532936415582;0.3630910249913393;941.2843429649546;-448.6421714824773;11.152908042345814;4.407075032431288e-28;0.7718575367663157
