rsq;rsq_adj;aic;ll;f_stat;f_p;rmse
0.5353750574434093;0.5007015542675444;650.4030018903604;-304.2015009451802;15.440466304427678;5.035585362171055e-34;0.7018166846726063
