rsq;rsq_adj;aic;ll;f_stat;f_p;rmse
0.053894943640295345;0.051576058698237226;1140.9283890937418;-568.4641945468709;23.241749800859694;2.019583314293006e-06;0.9657930488130708
