rsq;rmse;ll
0.6657518761480696;0.5781419582178156;-306.1667773966293
