rsq;rmse;ll
0.7103058145626534;0.5382324641243286;-700.2073790041983
