rsq;rmse;ll
0.7718105032585239;0.47769184286679645;-289.6253075330724
