rsq;rmse;ll
0.5417136244693184;0.6769685188623482;-441.3572907688544
