rsq;rmse;ll
0.13527405732602515;0.9299064160838847;-563.9808485970464
