rsq;rmse;ll
0.5095436430346332;0.7003258933991852;-489.72811494464077
