rsq;rmse;ll
0.6291788616898004;0.6089508504881158;-721.6262602399672
