rsq;rmse;ll
0.0050236796533233985;0.9974849975546883;-408.5951809463054
