rsq;rmse;ll
3.7868229263438025e-07;0.9999998106588358;-425.6824342541013
