rsq;rmse;ll
0.7005973440569397;0.5471769877681811;-709.1153434409031
