rsq;rmse;ll
0.7017560375436374;0.5461171691646057;-708.7875434982219
