rsq;rmse;ll
0.5584656801376843;0.6644804886994921;-473.74622783523375
