rsq;rmse;ll
1.9148011829450695e-06;0.99999904259895;-468.25055127601513
