rsq;rmse;ll
0.16619782016030837;0.9131276908733473;-488.12995450769455
