rsq;rmse;ll
7.807786706059971e-08;0.9999999609610659;-991.8401079136781
