rsq;rmse;ll
0.6601953112922803;0.582927687374446;-438.4911047024159
