rsq;rmse;ll
0.7402346772796115;0.5096717794035573;-329.59923326905687
