rsq;rmse;ll
0.17193008668842036;0.9099834687023604;-508.06982438008265
