rsq;rmse;ll
0.26442554204877833;0.8576563752175003;-534.7441733981259
