rsq;rmse;ll
0.6719674658130191;0.5727412454040489;-689.8441888061561
