rsq;rmse;ll
1.3196479109467418e-07;0.9999999340176022;-1040.0841090359027
