rsq;rmse;ll
0.7375315685810322;0.5123167295911463;-330.1268775004433
