rsq;rmse;ll
0.68342526515727;0.5626497443727582;-277.8544573188863
