rsq;rmse;ll
0.7714806540839074;0.4780369712857914;-289.6016178501427
