rsq;rmse;ll
0.04038091091202212;0.9796014950417226;-454.5918165411951
