rsq;rmse;ll
0.6518165606554572;0.5900707070720786;-289.1522626313619
