rsq;rmse;ll
7.319584283127512e-08;0.9999999634020781;-990.42116726263
