rsq;rmse;ll
0.15468295885294447;0.9194112470201;-513.5322719733
