rsq;rmse;ll
5.4881713396071063e-08;0.999999972559143;-912.3793876858864
