rsq;rmse;ll
0.6756619780938773;0.569506823406114;-714.2361003113558
