rsq;rmse;ll
0.005192451654057684;0.9974003952004141;-981.5160395152172
