rsq;rmse;ll
0.712034465334469;0.5366242024597204;-621.7388220174097
