rsq;rmse;ll
0.6697652468218844;0.5746605547435073;-427.4833598219191
