rsq;rmse;ll
0.6622641708050965;0.5811504359414209;-304.6836127619701
