rsq;rmse;ll
0.47578708883871845;0.7240254906847421;-500.8353008168464
