rsq;rmse;ll
0.05553609991504416;0.9718353256004619;-363.11495683581364
