rsq;rmse;ll
0.7119392831001863;0.5367128812501278;-621.6780859727153
