rsq;rmse;ll
0.6903890076607324;0.5564269874289597;-714.0071095934345
