rsq;rmse;ll
0.6272635556852986;0.6105214527882713;-722.1015977435036
