rsq;rmse;ll
0.6589742598980873;0.583974091978328;-354.3748237566491
