rsq;rmse;ll
0.8291727024018662;0.4133125906600641;-406.5535225396803
