rsq;rmse;ll
0.16466725557382544;0.9139653956393395;-490.24565315719116
