rsq;rmse;ll
1.6816988979151404e-07;0.9999999159150516;-1052.8545931138533
