rsq;rmse;ll
0.5403674305758922;0.677962070785754;-464.58876990165413
