rsq;rmse;ll
0.7100000434458169;0.5385164403750206;-700.131163976007
