rsq;rmse;ll
1.1951563294587686e-07;0.9999999402421818;-397.3036235020659
