rsq;rmse;ll
0.6632175063107126;0.5803296422631601;-434.053571493748
