rsq;rmse;ll
0.8148781163421285;0.43025792689719444;-306.37371105863156
