rsq;rmse;ll
0.8153046280786649;0.4297619945054881;-306.3797797616081
