rsq;rmse;ll
0.6856390957772809;0.5606789671663448;-425.92231026648136
