rsq;rmse;ll
0.5698408532254968;0.6558651894821855;-421.75267438016954
