rsq;rmse;ll
0.6722040637200829;0.5725346594573268;-689.8867187601462
