rsq;rmse;ll
0.5417810463136971;0.6769187201476282;-465.764752701772
