rsq;rmse;ll
0.7631797036061224;0.48664185639325924;-337.22592680601866
