rsq;rsq_adj;aic;ll;f_stat;f_p;rmse
0.6056047509166489;0.5801598961370779;698.1154574234852;-328.0577287117426;23.80067625313673;5.0405261347835413e-51;0.6155628070692567
