rsq;rsq_adj;aic;ll;f_stat;f_p;rmse
0.0005064436978526876;-0.0008424005076832497;2199.0234312746934;-1097.5117156373467;0.3754649319574054;0.5402283800198188;0.9998733405528543
