rsq;rsq_adj;aic;ll;f_stat;f_p;rmse
0.5504564264360923;0.5107908170039828;578.665583700362;-267.332791850181;13.877422641853958;1.2189729453749612e-30;0.6601907963306076
