rsq;rsq_adj;aic;ll;f_stat;f_p;rmse
0.05410359837604495;0.05043733325347144;732.0796523313493;-364.03982616567464;14.757142914440378;0.00015398196703329703;0.9719925946602365
