rsq;rsq_adj;aic;ll;f_stat;f_p;rmse
0.10979037584006801;0.10730375677816872;993.1126081492771;-494.55630407463855;44.15247092822148;1.1330409343385353e-10;0.9330454111562358
