rsq;rsq_adj;aic;ll;f_stat;f_p;rmse
0.5693663870072337;0.5560281777552454;1503.1548272384387;-729.5774136192193;42.68686869808689;4.941969971508348e-109;0.6654702498306844
