rsq;rsq_adj;aic;ll;f_stat;f_p;rmse
0.5303749755346985;0.516398040282755;1575.6686425677922;-766.8343212838961;37.946442905711365;2.9849667863111134e-96;0.6868526668734878
