rsq;rsq_adj;aic;ll;f_stat;f_p;rmse
0.5763767421355692;0.5632942591721088;1521.8110399977159;-738.9055199988579;44.05713684056773;9.260000771902151e-112;0.655475018705906
