rsq;rsq_adj;aic;ll;f_stat;f_p;rmse
0.0003920459211304017;-0.0010400571649424872;2052.6286866735322;-1024.3143433367661;0.2737553776281745;0.600989739297618;0.999964414609658
