rsq;rsq_adj;aic;ll;f_stat;f_p;rmse
0.48957217915765006;0.446858553982558;609.6898610645692;-283.8449305322846;11.461733279504882;4.337842034575825e-25;0.6982038658277427
