rsq;rsq_adj;aic;ll;f_stat;f_p;rmse
0.44919104918749897;0.4128340227312284;805.1761249874935;-381.58806249374675;12.354999651244157;7.180999180895384e-29;0.711831562770357
