rsq;rsq_adj;aic;ll;f_stat;f_p;rmse
0.5359590601935095;0.5002636032853179;654.804176320449;-306.4020881602245;15.014769570592465;7.136104699557258e-33;0.6841802929058225
