rsq;rsq_adj;aic;ll;f_stat;f_p;rmse
0.44407664613968434;0.4154944685633185;966.5446061710156;-462.2723030855078;15.536837420913809;2.497541098896339e-38;0.7574383369251343
