rsq;rsq_adj;aic;ll;f_stat;f_p;rmse
0.6077621549672182;0.5968968407003821;1542.0358656462845;-750.0179328231422;55.93599412234914;6.973513146765955e-132;0.6376982169488028
