rsq;rsq_adj;aic;ll;f_stat;f_p;rmse
0.049756183244621055;0.046805115490722415;943.8632340713593;-469.93161703567966;16.86040016495303;5.105791079411219e-05;0.979965738630104
