rsq;rsq_adj;aic;ll;f_stat;f_p;rmse
0.5566670798091315;0.5217981984458049;638.8461551371029;-297.42307756855143;15.964580968594097;5.5292152725431e-36;0.6863963449065519
