rsq;rsq_adj;aic;ll;f_stat;f_p;rmse
0.5288959530128439;0.5033980535625081;900.6685092913056;-428.3342546456528;20.74272643685867;5.826588993248909e-51;0.6893693445240064
