rsq;rsq_adj;aic;ll;f_stat;f_p;rmse
0.618885857269027;0.6081954184827444;1509.783747136218;-733.891873568109;57.891529958821785;1.7398472128259422e-134;0.6361837079641613
