rsq;rsq_adj;aic;ll;f_stat;f_p;rmse
0.001139322472066162;-0.0004117034247164142;1907.148398940113;-951.5741994700566;0.7345605733789539;0.39172772713909076;1.0007394018737894
