rsq;rsq_adj;aic;ll;f_stat;f_p;rmse
0.009765926515771461;0.006315633576802093;831.0924369799825;-413.54621848999125;2.8304630037264045;0.09357927419181584;0.9950632939897738
