rsq;rsq_adj;aic;ll;f_stat;f_p;rmse
0.0022943517197285823;-0.001042456468499653;876.2291598686467;-436.11457993432333;0.6875887345945301;0.40764723450486995;0.9995288060452446
