rsq;rsq_adj;aic;ll;f_stat;f_p;rmse
0.4102428428791378;0.373601126016599;884.8840072219987;-420.44200361099934;11.196059519213085;6.917919521162584e-28;0.7620209236219992
