rsq;rsq_adj;aic;ll;f_stat;f_p;rmse
0.5763575893186481;0.5639158151429844;1519.8427780415905;-738.9213890207952;46.324389205360156;1.3619802139848076e-112;0.6554971054446709
