rsq;rsq_adj;aic;ll;f_stat;f_p;rmse
0.11072328351219074;0.10833916362884544;1048.122885108527;-522.0614425542635;46.44199492050154;3.803726108102358e-11;0.9326157289869156
