rsq;rsq_adj;aic;ll;f_stat;f_p;rmse
0.5359610372071686;0.4983362564401822;656.8029791372396;-306.4014895686198;14.244894622148736;2.8116734487581776e-32;0.6841685786364321
