rsq;rsq_adj;aic;ll;f_stat;f_p;rmse
7.139389040067279e-06;-0.0035770644124328843;832.5490521691081;-414.27452608455405;0.00199190376316252;0.9644335589609405;1.0002633743822558
