rsq;rsq_adj;aic;ll;f_stat;f_p;rmse
0.6430505825152173;0.6316282011557042;1280.4006889043721;-619.2003444521861;56.29741839950541;2.670285901382638e-125;0.618091758809884
