rsq;rsq_adj;aic;ll;f_stat;f_p;rmse
0.005583529027122447;0.0025609865621591954;966.2250938829497;-481.1125469414749;1.847295477845522;0.17502920391271243;0.9968169014575519
