rsq;rsq_adj;aic;ll;f_stat;f_p;rmse
0.5334535889305962;0.5188522854545046;1573.1107449581468;-764.5553724790734;36.534655265817904;2.168408337997462e-96;0.6843467680451291
