rsq;rsq_adj;aic;ll;f_stat;f_p;rmse
0.4937205219232246;0.4585156575536474;779.8631931738055;-367.93159658690274;14.024213152483608;1.8444992381790526e-33;0.682778256629908
