rsq;rsq_adj;aic;ll;f_stat;f_p;rmse
0.33443486890203833;0.30021558195612763;1034.7243718789314;-496.3621859394657;9.773285733004002;3.2359151490237997e-24;0.8099834349610444
